rgn_id,score
260,0.771960067721618
261,0.946383220782725
262,0.947992116108994
263,0.950851150409461
264,0.9583229562459
266,0.934532453673634
267,0.944255165061198
269,0.94091062579117
270,0.932160575111909
272,0.93463943652885
273,0.919985967854048
274,0.936955235328855
275,0.925731417443719
276,0.925579917860841
277,0.924376081263291
