rgn_id,score
260,0.771074638409336
261,0.947673840399051
262,0.948687458547642
263,0.951774516024756
264,0.958704108464415
266,0.935557465945046
267,0.944456004957465
269,0.941210631179856
270,0.932477167183571
272,0.935958942135053
273,0.921090498403199
274,0.937135855809169
275,0.926760144632203
276,0.925995539424719
277,0.925365823216834
