rgn_id,score
248100,0.891782090856065
248200,0.888677344622528
248300,0.915437323424815
248400,0.905121471525034
248500,0.884187416197307
248600,0.892013572829776
258410,0.905048439387626
258420,0.900313984115852
258431,0.882944401122626
258432,0.900724590596281
258441,0.892253547588655
258442,0.884578189194923
258510,0.908761936391883
258520,0.898183743230184
258600,0.89874875930177
258700,0.901995669919938
288100,0.890874937196149
288200,0.886994648638815
288300,0.90597045072984
