rgn_id,score
260,-0.426537818092876
261,-0.120609647828029
262,-0.128824428757745
263,-0.122334539259584
264,-0.13890361815163
266,-0.1514219556244
267,-0.157376013519085
269,-0.149201928067606
270,-0.151792294391015
272,-0.111389100482827
273,-0.091241302988928
274,-0.151846978876562
275,-0.155339070221044
276,-0.150630300600545
277,-0.175869038855004
