rgn_id,score
248100,0.890736119428987
248200,0.888316321064331
248300,0.913797201791511
248400,0.902603630231419
248500,0.885577328636931
248600,0.886651325378038
258410,0.905970271377843
258420,0.901088123934135
258431,0.882456119942376
258432,0.901573448194786
258441,0.888548294758873
258442,0.880970316990815
258510,0.906676985239856
258520,0.896819317743124
258600,0.895248631308259
258700,0.899914656589709
288100,0.889758612207843
288200,0.885750512120729
288300,0.903570402134276
