rgn_id,score
260,0.751639460036233
261,0.944599511300243
262,0.936002895495181
263,0.950463785421903
264,0.958085564285675
266,0.930251430332072
267,0.939150534612358
269,0.938958199487543
270,0.926986436673914
272,0.932157095166558
273,0.919717775167101
274,0.935771653005315
275,0.925133700685678
276,0.921043771989402
277,0.916797411407404
