rgn_id,score
260,0.751639460036233
261,0.941420487776771
262,0.93268109804204
263,0.947826027318273
264,0.95585924292104
266,0.926861092347373
267,0.93585387123975
269,0.935600093126694
270,0.923517323589993
272,0.928258809848346
273,0.914235503414299
274,0.932377914697057
275,0.921474814394096
276,0.916309922501878
277,0.91177674995579
