rgn_id,score
260,-0.468353231762517
261,-0.117162585594867
262,-0.138892037946266
263,-0.122253708169485
264,-0.138810971920441
266,-0.151269764757457
267,-0.159460675834229
269,-0.148944245897085
270,-0.150992982703222
272,-0.107484784651429
273,-0.0914367459107406
274,-0.152431044962344
275,-0.153762281406405
276,-0.145892000271552
277,-0.172347643698724
