rgn_id,score
248100,0.890504407968235
248200,0.888247815738161
248300,0.909453701249494
248400,0.900393103234787
248500,0.885577328636931
248600,0.886271040223199
258410,0.90563817809507
258420,0.901088123934135
258431,0.882234345042788
258432,0.901393010009076
258441,0.88809667437294
258442,0.880213530717152
258510,0.902089944453923
258520,0.895793190560554
258600,0.890237102400186
258700,0.894559449461263
288100,0.889475739220003
288200,0.88556466730837
288300,0.902570048808178
