rgn_id,score
260,0.7697235964086935
261,0.9335561229505248
262,0.926459347800202
263,0.9299661428355659
264,0.9491172582092706
266,0.9230403573564198
267,0.9436575116872987
269,0.9245063522819986
270,0.9116656485004088
272,0.9020331458452789
273,0.8501676761783264
274,0.9020425729929543
275,0.8878756154790385
276,0.8919086874890508
277,0.9048507151577794
