rgn_id,score
260.0,-0.0027744432132827995
261.0,-2.818521061168052e-4
262.0,-3.223908429448616e-4
263.0,-3.0625671674567077e-4
264.0,-2.813990927016376e-4
266.0,-8.319864824913046e-4
267.0,-6.400499386316796e-4
269.0,-7.047626992567939e-4
270.0,-9.084899248800804e-4
272.0,-6.217456262039655e-4
273.0,-9.169113679251652e-4
274.0,-4.533435526955773e-4
275.0,-3.988030382638988e-4
276.0,-0.0011168069747431054
277.0,-7.216314046599176e-4
