rgn_id,score
260.0,0.7709913588900718
261.0,0.94735867380723
262.0,0.9497638246913326
263.0,0.9478356337721386
264.0,0.9560172677203397
266.0,0.9350629959898747
267.0,0.9443467648282601
269.0,0.9382760076833446
270.0,0.9313001580095731
272.0,0.939803313306566
273.0,0.9240718317430151
274.0,0.9285913671390746
275.0,0.9231548185499188
276.0,0.9279797100365283
277.0,0.9201374785278086
