rgn_id,score
260,0.2171774484570038
261,-0.14197782611543663
262,-0.14168938850003795
263,-0.15422259965531826
264,-0.16329772750669214
266,-0.14096537347682048
267,-0.14318501844238393
269,-0.14241658950781225
270,-0.1448118235718037
272,-0.13705479128484024
273,-0.1313458461389165
274,-0.17291332136320267
275,-0.17837752374227175
276,-0.12959923637717502
277,-0.16644450273275815
