"year","ref_median"
2003,0.935987679973538
2004,0.940178023212321
2005,0.93911152169204
2006,0.936581034752553
2007,0.937138147632299
2008,0.942953204467053
2009,0.943273703555702
2010,0.938724378910377
