"year","maxDensity"
2003,1159.4522539783
2004,1128.4482875977
2005,1090.95269919068
2006,1044.84076551801
2007,1019.41526517481
2008,992.292406212846
2009,935.931613249899
2010,834.974617001404
