"rgn_id","score"
260,-0.49248
261,-0.215974
262,-0.220208
263,-0.199908
264,-0.230589
266,-0.146956
267,-0.142125
269,-0.191446
270,-0.113265
272,-0.204804
273,-0.103657
274,-0.193429
275,-0.220116
276,-0.0900875
277,-0.151801
