"rgn_id","score"
260,-0.49248
261,-0.216495
262,-0.217635
263,-0.204117
264,-0.232047
266,-0.154978
267,-0.148235
269,-0.189545
270,-0.113167
272,-0.205237
273,-0.0951508
274,-0.200979
275,-0.219526
276,-0.0907402
277,-0.148125
