"rgn_id","score"
260,0.73645
261,0.769449
262,0.773852
263,0.801609
264,0.801095
266,0.802004
267,0.815048
269,0.822821
270,0.805304
272,0.812961
273,0.828394
274,0.819197
275,0.816002
276,0.801176
277,0.800603
