"area_eez","area_inland1km","area_inland25km","coastal_pop","coastal_jobs","coastal_rev"
17546145.9231852,200556.011705727,3187562.22,319360626,2515.15753935,52704446819530.1
