"area_eez","area_inland1km","coastal_pop","coastal_jobs","coastal_rev"
<<<<<<< HEAD
17943306.7978111,217294.482495375,340261751,2260341088.94849,6313662315354.82
=======
17943306.7978111,217294.482495375,340261751,434584891.862074,6313662315354.82
>>>>>>> 33b0e6c5f407ebb5b1085e9d2e6b66a9213c517a
