"area_eez","area_inland1km","coastal_pop","coastal_jobs","coastal_rev"
17943306.7978111,217294.482495375,340261751,89598500,374408616717.593
