"rgn_id","area_eez","area_inland1km","coastal_pop","total_pop","total_jobs","total_rev","coastal_pop_ratio","coastal_jobs","coastal_rev"
31194,362514307.151617,918509.612569605,1755085549.4071,6536353759.70652,6949849438.05238,186349180192813,133.96548342789,2058228454.52887,67315929794069.4
