"area_eez","area_inland1km","coastal_pop","coastal_jobs","coastal_rev"
17943306.7978111,217294.482495375,340261751,2260341088.94849,6313662315354.82
