"rgn_id","area_eez","area_inland1km","coastal_pop","total_pop","coastal_jobs","total_rev","coastal_pop_ratio","coastal_rev"
31194,362514307.151617,918509.612569605,1755085549.4071,6536353759.70652,271031326.267,9111153416734.74,133.96548342789,3319247856717.2
