"rgn_id","area_eez","area_inland1km","coastal_pop","coastal_jobs","coastal_rev"
31194,362514307.151617,918509.612569605,1755086145.4071,6949849438.05238,186349180192813
