"rgn_id","area_eez","area_inland1km","area_inland25km","coastal_pop","coastal_jobs","coastal_rev"
31194,362514307.151617,918509.612569605,13874446.54685,1755086145.4071,41311.8070000605,316984170572993
