"rgn_id","pressure_score"
260,0.518044966515216
261,0.499691873536698
262,0.583805660668564
263,0.631724876637258
264,0.579107789401318
266,0.520768793530274
267,0.49141850313123
269,0.585926678494761
270,0.52402044244779
272,0.589269397256753
273,0.474438502878043
274,0.592183359722141
275,0.535989834493833
276,0.516214206108534
277,0.472134789826672
