"rgn_id","pressure_score"
248100,0.35693357592835
248200,0.367746488811782
248300,0.336039327964515
248400,0.311319510059774
248500,0.21815613342644
248600,0.305934123536428
258410,0.319372323421265
258420,0.320891152611372
258431,0.3224205302112
258432,0.306194478759563
258441,0.355808949684046
258442,0.353365923117845
258510,0.368056477094577
258520,0.320206526502404
258600,0.36931991700145
258700,0.362449777299593
288100,0.277975040744471
288200,0.347070380508291
288300,0.349015999586414
