"rgn_id","pressure_score"
260,0.508142814256471
261,0.477797481575391
262,0.597796859252918
263,0.577489763157676
264,0.518464215185486
266,0.504493128038044
267,0.444742246875538
269,0.545009638174488
270,0.512863862425769
272,0.582490181434887
273,0.398938869741528
274,0.608582313314949
275,0.450713083256275
276,0.506036734654496
277,0.401709003771139
