"rgn_id","pressure_score"
260,0
261,0.0175470529982996
262,0.00105327270838147
263,7.07105384307256e-05
264,0.000117920807060992
266,0.00115655206852198
267,1.61773773295005e-05
269,0.00127563717674169
270,0.00113513464832419
272,0.00313118184063372
273,4.08330830860242e-05
274,0.00295771342423121
275,0.000218498323522779
276,0.000109747104136795
277,0.00182216507720529
