"rgn_id","pressure_score"
260,0
261,0.0180260782018119
262,0.00102930977458719
263,7.23984082316168e-05
264,0.000105957446446771
266,0.00103670915162666
267,1.53733391787039e-05
269,0.0012666172415095
270,0.00105633431877405
272,0.00285484388978687
273,5.26252192150239e-05
274,0.0026875936842728
275,0.000197446507112899
276,0.000117180457765412
277,0.0017420422215708
