sp_id,pressure_score
248100,0.010387362
248200,0.027411326
248300,0.005681101
248400,0.009016422
248500,0.008761307
248600,0.006912159
258410,8.01E-05
258420,8.00E-05
258431,0
258432,3.21E-05
258441,2.54E-05
258442,1.95E-06
258510,4.17E-06
258520,7.30E-06
258600,1.13E-06
258700,6.39E-05
288100,0.000148526
288200,0.000170804
288300,4.64E-05
