"rgn_id","pressure_score"
260,0.105984067527613
261,0.189480944482167
262,0.386653457206065
263,0.343291813633059
264,0.39561595386605
266,0.247664885792714
267,0.217435896614584
269,0.254028098640672
270,0.163825815934618
272,0.294638624132862
273,0.0850526414014968
274,0.238246135921233
275,0.0751915697514095
276,0.283571134599163
277,0.124007698626641
