"rgn_id","pressure_score"
260,0.105971109662627
261,0.204404590809193
262,0.436093199002974
263,0.31905922164592
264,0.285901028001594
266,0.200210115730389
267,0.170600764064579
269,0.192206979297299
270,0.0964377676007326
272,0.274529365326403
273,0.145129947849285
274,0.237972709616826
275,0.0927439946859766
276,0.228427518926442
277,0.128771372867907
