"rgn_id","pressure_score"
260,0.370978734147252
261,0.104510783374185
262,0.222740230327908
263,0.220865503948177
264,0.129036145574255
266,0.159866553377173
267,0.10038544173681
269,0.168706274160707
270,0.21919449238972
272,0.218524353235806
273,0.148728628746708
274,0.221148723402735
275,0.205207243226483
276,0.201228072954248
277,0.130171776817648
