rgn_type,rgn_id,rgn_name,area_km2
eez,1,צפון,150.908863514
eez,2,מרכז,250.507170881
eez,3,דרום,790.320720407
eez,4,חיפה,71.8460714304
