rgn_type,rgn_id,rgn_name,area_km2
eez,1,צפון,29.5535832715
eez,2,מרכז,43.9461537483
eez,3,דרום,146.211084957
eez,4,חיפה,18.8682516828
