rgn_id,rgn_name,rgn_name_e,area_km2
1,,Golan,29.6690206513
2,הדרום,HaDarom,14432.247617
3,חיפה,Haifa,775.718376615
4,מפרץ חיפה,Haifa Bay,124.969234851
5,המרכז,HaMerkaz,1183.99319854
6,הצפון,HaZafon,3329.13033992
7,,Jerusalem,539.804647555
8,תל אביב,Tel Aviv,172.599449018
