rgn_type,rgn_id,rgn_name,area_km2
land,69,Latvia,11965.3885132
land,70,Estonia,16722.2454697
land,73,Russia,16250.1295788
land,174,Finland,41759.1535782
land,175,Denmark,35993.3137473
land,176,Germany,31510.822713
land,178,Poland,13169.3600081
land,189,Lithuania,2781.95029562
land,222,Sweden,75134.7839389
