rgn_type,rgn_id,rgn_name,area_km2
land,69,Latvia,23365.8258974
land,70,Estonia,25291.3225851
land,73,Russia,30290.4520347
land,174,Finland,71258.0890946
land,175,Denmark,44327.7331492
land,176,Germany,49690.5273734
land,178,Poland,26126.1453643
land,189,Lithuania,6169.60075578
land,222,Sweden,18217.0839624
