rgn_type,rgn_id,rgn_name,area_km2
eez,69,Latvia,2827.25394663
eez,70,Estonia,9721.49614101
eez,73,Russia,6849.02147776
eez,174,Finland,29496.0629899
eez,175,Denmark,17930.245625
eez,176,Germany,10824.4108004
eez,178,Poland,3478.26970301
eez,189,Lithuania,853.580770385
eez,222,Sweden,33068.320775
