rgn_type,rgn_id,rgn_name,area_km2
eez,69,Latvia,516.32058596
eez,70,Estonia,2446.28060428
eez,73,Russia,1667.77832833
eez,174,Finland,15953.6674961
eez,175,Denmark,4568.74413035
eez,176,Germany,3008.18133851
eez,178,Poland,820.936401903
eez,189,Lithuania,205.18682348
eez,222,Sweden,13765.017127
