rgn_type,rgn_id,rgn_name,area_km2
land,69,Latvia,532.401917451
land,70,Estonia,1894.33890955
land,73,Russia,1332.72717656
land,174,Finland,8609.32575397
land,175,Denmark,4197.87999852
land,176,Germany,2864.48686639
land,178,Poland,830.050158016
land,189,Lithuania,213.735141366
land,222,Sweden,10489.5538044
