"rgn_id","pressure_score"
260,0.865291090014828
261,0.257420026619963
262,0.307225223613987
263,0.186497196570591
264,0.180498282782224
266,0.222249506459556
267,0.214363391106514
269,0.209512850224964
270,0.260222439851176
272,0.256006053923543
273,0.323999697056332
274,0.182002893691301
275,0.178549394742903
276,0.299477659320761
277,0.217134787614751
