"rgn_id","pressure_score"
260,0.831412206640609
261,0.227452727091527
262,0.315312488920735
263,0.176982469242155
264,0.167253304928823
266,0.208250630478769
267,0.210716044521674
269,0.206290641427541
270,0.230035511503444
272,0.247637756948449
273,0.340000580452005
274,0.180087014314785
275,0.195304684129832
276,0.285584680320276
277,0.232014733039129
