"rgn_id","pressure_score"
260,0.843081126423061
261,0.228851263404484
262,0.307687916782359
263,0.18400003658368
264,0.178439737626
266,0.209772982837402
267,0.209385032609015
269,0.210235592018462
270,0.242084571638097
272,0.252651308297163
273,0.344639331085756
274,0.175493055167489
275,0.190360632195363
276,0.287282861981648
277,0.224167518399949
