"rgn_id","pressure_score"
260,0.85305232028623
261,0.254542499381571
262,0.323979697524847
263,0.169918795230785
264,0.161005670299095
266,0.212193367838104
267,0.198469500172212
269,0.203042434659165
270,0.235525586342964
272,0.256871357766534
273,0.328454128587124
274,0.182378347712554
275,0.174649746357688
276,0.280839830534011
277,0.205195789079893
