"rgn_id","pressure_score"
260,0.814477100030317
261,0.226850898488494
262,0.315207261947219
263,0.168121291654683
264,0.159899184577989
266,0.208469533226157
267,0.192136778897402
269,0.195474634663585
270,0.239459031994704
272,0.254803721607135
273,0.289289673867742
274,0.180414192865624
275,0.158586783584012
276,0.27778236018986
277,0.190749016617776
