rgn_id,score
260.0,0.7709913588900718
261.0,0.9491417942896035
262.0,0.9517640741344935
263.0,0.9494199732759235
264.0,0.9573263590783837
266.0,0.9371303259281721
267.0,0.9461691825406584
269.0,0.940080201263657
270.0,0.9336034960657748
272.0,0.9418887344345492
273.0,0.9272481213280929
274.0,0.9306164399075808
275.0,0.9253190961447165
276.0,0.930583912579606
277.0,0.9226254313674455
