rgn_id,score
260.0,0.7709913588900718
261.0,0.9491417942896035
262.0,0.9517640741344935
263.0,0.9494199732759235
264.0,0.9573263590783837
266.0,0.9371310938139791
267.0,0.9461691825406584
269.0,0.9397323498739487
270.0,0.9330364337086857
272.0,0.940094069094178
273.0,0.9257144775097924
274.0,0.9285467039130237
275.0,0.9244349207173675
276.0,0.9304558848571217
277.0,0.9226254313674455
