rgn_id,score
260.0,0.7709913588900718
261.0,0.94735867380723
262.0,0.9497638246913326
263.0,0.9478356337721386
264.0,0.9560172677203397
266.0,0.9350575579944761
267.0,0.9443468421404754
269.0,0.9380690586814101
270.0,0.9311536158705601
272.0,0.9398354751050033
273.0,0.9240834162683274
274.0,0.9285895052392356
275.0,0.9231548185499188
276.0,0.9279816798697915
277.0,0.9201381834654773
