rgn_id,score
260.0,-0.0027744432132827995
261.0,-3.4305491535255783e-4
262.0,-4.3193852743841736e-4
263.0,-3.272465811317164e-4
264.0,-3.0135744092797494e-4
266.0,-8.94413847515801e-4
267.0,-6.885957292712134e-4
269.0,-7.499480161351259e-4
270.0,-9.86986317712122e-4
272.0,-6.570892543866965e-4
273.0,-0.0010351345913460388
274.0,-4.90532143459532e-4
275.0,-4.4977483377065056e-4
276.0,-0.001244575296208838
277.0,-8.038184411156452e-4
