rgn_id,score
260.0,0.7701173596465241
261.0,0.9485645738216935
262.0,0.9508507014460696
263.0,0.9489483523005687
264.0,0.9570863795939052
266.0,0.9371594321691624
267.0,0.9467333872627011
269.0,0.9402187821223823
270.0,0.9335481401974614
272.0,0.9399996339840565
273.0,0.9262419946252095
274.0,0.9285133069273139
275.0,0.9240834196238955
276.0,0.9314449332602549
277.0,0.9230075327979369
