rgn_id,score
260.0,-0.0018496288088551997
261.0,-3.162509232015527e-4
262.0,-4.144967131276601e-4
263.0,-3.0360898182647155e-4
264.0,-2.8073125989046136e-4
266.0,-7.379275422922589e-4
267.0,-5.936146594998256e-4
269.0,-6.233015152217731e-4
270.0,-8.13155421276602e-4
272.0,-4.081394523565732e-4
273.0,-8.038845537709332e-4
274.0,-3.102037157300465e-4
275.0,-3.390916236209306e-4
276.0,-0.0010719499692966668
277.0,-7.431672619698232e-4
