rgn_id,score
260.0,0.7709913588900718
261.0,0.9486012383036334
262.0,0.9508737866325508
263.0,0.9496985647167738
264.0,0.9577374394015771
266.0,0.9375175305248072
267.0,0.9469732784107392
269.0,0.9406312039937599
270.0,0.9339153128663038
272.0,0.9402633185218469
273.0,0.9262419946252095
274.0,0.9294915379722423
275.0,0.9248795857697437
276.0,0.9314869484788165
277.0,0.923623879193035
