rgn_id,score
260.0,-0.0010034997147613193
261.0,-2.0698241065032928e-4
262.0,-2.777761583443348e-4
263.0,-1.7564574102414866e-4
264.0,-1.6970870547990775e-4
266.0,-4.647138223976807e-4
267.0,-4.047976059149316e-4
269.0,-4.0086715141660333e-4
270.0,-5.255135961076339e-4
272.0,-1.8978499000378747e-4
273.0,-5.585811316260564e-4
274.0,-8.653544888962359e-5
275.0,-1.425733748876672e-4
276.0,-7.625468727995492e-4
277.0,-5.161333268823337e-4
