rgn_id,score
260.0,-0.002431213125041628
261.0,-3.630117638941279e-4
262.0,-4.687026509736472e-4
263.0,-3.2688354947633887e-4
264.0,-2.987187645330076e-4
266.0,-8.514603029140098e-4
267.0,-6.592754933844356e-4
269.0,-7.03158769955631e-4
270.0,-9.261538473325057e-4
272.0,-5.538088068652406e-4
273.0,-9.540640753935658e-4
274.0,-3.9688591325792987e-4
275.0,-4.042086252663905e-4
276.0,-0.0011958325703578724
277.0,-7.914020786210403e-4
