RFMO,Score
CCSBT,0.839285714
IATTC,0.839285714
ICCAT,0.892857143
WCPFC,0.553571429
IOTC,0.839285714
CCAMLR,0.857142857
CCBSP,0.678571429
GFCM,0.535714286
NEAFC,0.803571429
NASCO,0.410714286
NAFO,0.946428571
SEAFO,0.392857143
SPRFMO,0.678571429
SIOFA,0.071428571
NPAFC,0.464285714
,
,
,
,
,
,
,
