"OHIregion_2013","avg3yr_2006","avg3yr_2007","avg3yr_2008","avg3yr_2009","avg3yr_2010","avg3yr_2011","Reference_avg1979to2012monthlypixels","pctdevR_2006","pctdevR_2007","pctdevR_2008","pctdevR_2009","pctdevR_2010","pctdevR_2011","Trend_2006to2011_pctdevRperyr","Trend_2006to2011_rsquared","Status_2011_pctdevR","pole","rgn_type","rgn_name"
260,522.333333333333,705.333333333333,949.333333333333,865.666666666667,954,979,278.382352941176,1.87631625286142,2.53368550801197,3.41017784821271,3.10963197746082,3.42694136291601,3.51674590596936,0.302324855985729,0.759132526093056,3.51674590596936,"n","fao","Arctic Sea"
262,0,0,0,0,0,0,0.205882352941176,0,0,0,0,0,0,0,NA,0,"n","fao","Atlantic, Northeast"
