"OHIregion_2013","avg3yr_2006","avg3yr_2007","avg3yr_2008","avg3yr_2009","avg3yr_2010","avg3yr_2011","Reference_avg1979to2012monthlypixels","pctdevR_2006","pctdevR_2007","pctdevR_2008","pctdevR_2009","pctdevR_2010","pctdevR_2011","Trend_2006to2011_pctdevRperyr","Trend_2006to2011_rsquared","Status_2011_pctdevR","pole","rgn_type","rgn_name"
260,335.666666666667,365,482,393,473,526,129.411764705882,2.59378787878788,2.82045454545455,3.72454545454545,3.03681818181818,3.655,4.06454545454545,0.261991341991366,0.71192267506524,4.06454545454545,"n","fao","Arctic Sea"
261,0,2.33333333333333,2.33333333333333,2.33333333333333,0,0.666666666666667,9.97058823529412,0,0.234021632251721,0.234021632251721,0.234021632251721,0,0.0668633235004916,-0.0105070936929419,0.0275104206139022,0.0668633235004916,"n","fao","Atlantic, Northwest"
262,1.66666666666667,1.33333333333333,2.66666666666667,2.33333333333333,2.33333333333333,1.33333333333333,46.3235294117647,0.035978835978836,0.0287830687830688,0.0575661375661376,0.0503703703703704,0.0503703703703704,0.0287830687830688,0.00061678004535135,0.00866773675761921,0.0287830687830688,"n","fao","Atlantic, Northeast"
272,12.6666666666667,21,25.3333333333333,18,10.3333333333333,20.3333333333333,28.6764705882353,0.441709401709402,0.732307692307692,0.883418803418803,0.627692307692308,0.36034188034188,0.709059829059829,-0.000996336996344862,9.1913329136247e-05,0.709059829059829,"n","fao","Pacific, Northwest"
