"OHIregion_2013","avg3yr_2006","avg3yr_2007","avg3yr_2008","avg3yr_2009","avg3yr_2010","avg3yr_2011","Reference_avg1979to2012monthlypixels","pctdevR_2006","pctdevR_2007","pctdevR_2008","pctdevR_2009","pctdevR_2010","pctdevR_2011","Trend_2006to2011_pctdevRperyr","Trend_2006to2011_rsquared","Status_2011_pctdevR","pole","rgn_type","rgn_name"
260,69.6666666666667,154.666666666667,155,90,25.6666666666667,78.6666666666667,24.7352941176471,2.81648830757035,6.25287356321839,6.26634958382878,3.63852556480381,1.0376535869996,3.18034086405073,-0.47012060472241,0.183463774141227,3.18034086405073,"n","fao","Arctic Sea"
262,0,0,0,0,0,0,0.352941176470588,0,0,0,0,0,0,0,NA,0,"n","fao","Atlantic, Northeast"
