"OHIregion_2013","avg3yr_2006","avg3yr_2007","avg3yr_2008","avg3yr_2009","avg3yr_2010","avg3yr_2011","Reference_avg1979to2012monthlypixels","pctdevR_2006","pctdevR_2007","pctdevR_2008","pctdevR_2009","pctdevR_2010","pctdevR_2011","Trend_2006to2011_pctdevRperyr","Trend_2006to2011_rsquared","Status_2011_pctdevR","pole","rgn_type","rgn_name"
260,369,400.333333333333,467.333333333333,629.666666666667,664.333333333333,640.666666666667,215.794117647059,1.70996320021807,1.8551633274272,2.16564445050202,2.91790468402163,3.07855163327427,2.96887919676525,0.306200146679939,0.879494319579147,2.96887919676525,"n","fao","Arctic Sea"
262,0,0,0,0,0,0.666666666666667,0.117647058823529,0,0,0,0,0,5.66666666666667,0.809523809523937,0.428571428571476,5.66666666666667,"n","fao","Atlantic, Northeast"
