"OHIregion_2013","avg3yr_2006","avg3yr_2007","avg3yr_2008","avg3yr_2009","avg3yr_2010","avg3yr_2011","Reference_avg1979to2012monthlypixels","pctdevR_2006","pctdevR_2007","pctdevR_2008","pctdevR_2009","pctdevR_2010","pctdevR_2011","Trend_2006to2011_pctdevRperyr","Trend_2006to2011_rsquared","Status_2011_pctdevR","pole","rgn_type","rgn_name"
260,28.3333333333333,31,39,26.6666666666667,35,37.6666666666667,9.64705882352941,2.9369918699187,3.21341463414634,4.04268292682927,2.76422764227642,3.62804878048781,3.90447154471545,0.137224157955874,0.240256160494064,3.90447154471545,"n","fao","Arctic Sea"
261,0,0,0,0,0,0,1,0,0,0,0,0,0,0,NA,0,"n","fao","Atlantic, Northwest"
262,0,0,0,0,0.333333333333333,0.333333333333333,3.17647058823529,0,0,0,0,0.104938271604938,0.104938271604938,0.0239858906525608,0.685714285714345,0.104938271604938,"n","fao","Atlantic, Northeast"
272,0.666666666666667,1,1.33333333333333,1.33333333333333,1,1.66666666666667,2.11764705882353,0.314814814814815,0.472222222222222,0.62962962962963,0.62962962962963,0.472222222222222,0.787037037037037,0.0674603174603216,0.584415584415537,0.787037037037037,"n","fao","Pacific, Northwest"
