"rgn_id","pressure_score"
260,0.0010531474881625
261,0.263781633139525
262,0.243367301819805
263,0.19229523163766
264,0.114726131659295
266,0.0432375008991479
267,0.0524773845626407
269,0.0671976789096063
270,0.0430902711704274
272,0.205580649860431
273,0.252691095386178
274,0.10123331828195
275,0.11507201748382
276,0.0338712739268051
277,0.0341719996832933
