"rgn_id","pressure_score"
260,0
261,0.0175776036057772
262,0.000970137799611044
263,7.58869369214435e-05
264,0.00010124864413068
266,0.000915027412712032
267,1.47007066308332e-05
269,0.00132454642346972
270,0.00100523048076037
272,0.00264786879497361
273,6.25861167156411e-05
274,0.00233464416726956
275,0.000207775868369295
276,0.000121426842229183
277,0.00160070918590221
