"rgn_id","pressure_score"
260,0
261,0.0470933498720298
262,0.00168624508073367
263,0.000513802578615964
264,0.00604321297278073
266,0.00172049948324356
267,0.000584555811366345
269,0.00418449674504216
270,0.00254403772602754
272,0.00811674762450787
273,0.000148095074536232
274,0.0242924621865873
275,0.00179380463816356
276,0.000343266605813302
277,0.00544779791152255
