"rgn_id","pressure_score"
260,0
261,0.0509085268766191
262,0.001646525871716
263,0.000446059029634132
264,0.00475872309328029
266,0.00139361514845392
267,0.000532881656995546
269,0.00489748769539892
270,0.00208610429828
272,0.00693924058281065
273,0.000218398215985978
274,0.018856297302534
275,0.00167138488643797
276,0.000382979865901128
277,0.00482959083554254
