sp_id,pressure_score
248100,0.000194025
248200,0.000237621
248300,0.002625956
248400,4.52E-06
248500,0
248600,0.00255182
258410,0.00013707
258420,0.00013528
258431,0.000224447
258432,0.000184868
258441,0.000195101
258442,0.000214295
258510,0.000188337
258520,0.000200154
258600,0.000196248
258700,0.00013865
288100,7.90E-05
288200,6.36E-05
288300,0.000158137
