sp_id,pressure_score
248100,0.0001597
248200,0.000190515
248300,0.002251286
248400,3.85E-06
248500,0
248600,0.002174124
258410,0.000112551
258420,0.000111059
258431,0.000184522
258432,0.00015252
258441,0.000160605
258442,0.0001765
258510,0.000154779
258520,0.000164183
258600,0.000161476
258700,0.000114277
288100,7.56E-05
288200,6.08E-05
288300,0.000152074
