"rgn_id","pressure_score"
260,0.05108924977089
261,0.181289422902055
262,0.251811862133605
263,0.342675126867465
264,0.364114871346667
266,0.263374269070609
267,0.240901862421936
269,0.240192639315407
270,0.28436517859002
272,0.335711349880545
273,0.139121431863783
274,0.204026961628872
275,0.0883344156587815
276,0.330739334269821
277,0.105175918333034
