"rgn_id","pressure_score"
260,0.120126801373119
261,0.140431788459058
262,0.306903397166164
263,0.353043999747322
264,0.380042752337732
266,0.252586946151763
267,0.240133472290983
269,0.245137675246029
270,0.214862925283677
272,0.332833020268513
273,0.116313769897326
274,0.221456776435619
275,0.0774280627608288
276,0.321300820670501
277,0.098215039902236
