sp_id,pressure_score
248100,0.071478341
248200,0.149123322
248300,0.385276633
248400,0.229411142
248500,0.09054268
248600,0.105263566
258410,0.110883263
258420,0.016563676
258431,0.270216593
258432,0.120067641
258441,0.131455882
258442,0.310140375
258510,0.193210719
258520,0.420162104
258600,0.069772308
258700,0.011510414
288100,0.108480828
288200,0.12815969
288300,0.141545718
