rgn_id,rgn_mean_cat,rgn_mean_trend,status
260,NA,-0.468353231762517,NA
261,NA,-0.120332431119043,NA
262,NA,-0.142567401753075,NA
263,NA,-0.130041933651357,NA
264,NA,-0.142111097473657,NA
266,NA,-0.159161951430144,NA
267,NA,-0.166804244998776,NA
269,NA,-0.157498455562343,NA
270,NA,-0.159974044881568,NA
272,NA,-0.116064598709299,NA
273,NA,-0.102732599909543,NA
274,NA,-0.160685520216779,NA
275,NA,-0.162535940703989,NA
276,NA,-0.154838256078078,NA
277,NA,-0.182584947907571,NA
