"","metric","iso3166","score","n_sector"
"1","wage","ERI",0.00254652499315511,3
"2","wage","GHA",0.0193665420043314,5
"3","wage","BMU",0.0205165769630328,1
"4","wage","LKA",0.0415438557616168,1
"5","wage","IDN",0.0451140943815059,5
"6","wage","EGY",0.0590154071335935,3
"7","wage","AIA",0.0885923751443124,3
"8","wage","KNA",0.145247605799234,1
"9","wage","TTO",0.252094116454152,5
"10","wage","MYS",0.303788019620709,1
"11","wage","ISL",0.335028970256547,1
"12","wage","TWN",0.349513875787488,1
