"rgn_id","score"
"260",-0.448337
"261",-0.13485
"262",-0.184671
"263",-0.198373
"264",-0.221896
"266",-0.118882
"267",-0.190585
"269",-0.198721
"270",-0.204182
"272",-0.143985
"273",-0.0371819
"274",-0.189297
"275",-0.207358
"276",-0.152538
"277",-0.167752
