"rgn_id","pressure_score"
260,0.288886572212295
261,0.562895196051338
262,0.467728744954536
263,0.602285364332968
264,0.431657441697068
266,0.394739603468989
267,0.391622833397358
269,0.492019960617061
270,0.411081675519508
272,0.532971279248234
273,0.321535048420869
274,0.360098510334292
275,0.369197653027092
276,0.360500056094621
277,0.355383885571871
