"rgn_id","resilience.score"
1,0.509087786919672
2,0.508759711386339
3,0.508478290953006
4,0.508184541311339
5,0.508223932253006
6,0.508138466864956
