"rgn_id","resilience.score"
1,0.46811704922623
2,0.467679615181785
3,0.467304387937341
4,0.466912721748452
5,0.466965243004008
6,0.466851289153274
