"rgn_id","resilience.score"
1,0.469508189464647
2,0.469070755420202
3,0.468695528175758
4,0.468303861986869
5,0.468356383242424
6,0.468242429391691
