"rgn_id","resilience.score"
1,0.487204875120202
2,0.496506851275758
3,0.468695528175758
4,0.469695036286869
5,0.471650244353535
6,0.468242551999091
