"rgn_id","resilience.score"
1,0.485813734881785
2,0.495115711037341
3,0.467304387937341
4,0.468303896048452
5,0.470259104115119
6,0.466851411760674
