"rgn_id","resilience.score"
1,0.38826228419697
2,0.387606133130303
3,0.387043292263637
4,0.386455792980303
5,0.386534574863637
6,0.386363644087537
