"rgn_id","resilience.score"
1,0.414807312680303
2,0.428760276913636
3,0.387043292263637
4,0.388542554430303
5,0.391475366530303
6,0.386363827998636
