"rgn_id","pressure_score"
260,0.55458964999763
261,0.543796488072634
262,0.612875782588448
263,0.583259554304865
264,0.52209911332842
266,0.518178052823866
267,0.465366681642551
269,0.561213792449924
270,0.500285218687617
272,0.581520693699145
273,0.454477221660969
274,0.615094608100433
275,0.493382343988687
276,0.505509179957683
277,0.433888899423966
